,id,city,country,latitude,longitude,curr_weather,temperature,min_temperature,max_temperature,pressure,humidity%,visibility,cloudiness,wind_speed
0,3374210,sao filipe,São Filipe,14.8961,-24.4956,Clear,70.97,70.97,70.97,1015,74,10000,6,14.0
1,1014653,burgersdorp,Burgersdorp,-30.9977,26.3286,Clouds,67.1,67.1,67.1,1014,62,10000,55,7.2
2,4020109,atuona,Atuona,-9.8,-139.0333,Clouds,78.76,78.76,78.76,1013,79,10000,80,20.47
3,6201424,mataura,Mataura,-46.1927,168.8643,Clear,59.49,59.49,59.49,1023,74,10000,10,1.12
4,3430443,necochea,Necochea,-38.5473,-58.7368,Clouds,78.04,78.04,78.04,1007,43,10000,35,13.69
5,2075265,busselton,Busselton,-33.65,115.3333,Clouds,67.05,67.05,68.09,1012,80,10000,100,15.14
6,3689458,astrea,Astrea,9.4983,-73.9759,Clouds,100.81,100.81,100.81,1004,22,10000,14,1.32
7,2206939,bluff,Bluff,-46.6,168.3333,Clouds,59.81,59.81,59.81,1023,84,10000,23,4.99
8,3833367,ushuaia,Ushuaia,-54.8,-68.3,Clouds,56.86,56.86,56.86,997,67,10000,75,21.85
9,4032243,vaini,Vaini,-21.2,-175.2,Clouds,84.36,84.36,84.36,1004,84,10000,75,9.22
10,3893726,constitucion,Constitución,-35.3333,-72.4167,Clouds,66.33,66.33,66.33,1016,73,10000,12,8.19
11,2112802,hasaki,Hasaki,35.7333,140.8333,Clear,27.0,19.69,27.0,1020,43,10000,4,9.48
12,3832899,viedma,Viedma,-40.8135,-62.9967,Rain,61.92,61.92,61.92,995,82,10000,99,35.86
13,3389321,santa rita,Santa Rita,-7.1139,-34.9781,Clouds,83.07,83.07,83.07,1012,74,10000,40,10.36
14,2264557,ponta do sol,Ponta do Sol,32.6667,-17.1,Rain,61.74,60.71,64.06,1021,72,10000,31,11.68
15,1519580,saryozek,Saryozek,44.3583,77.9753,Clouds,22.55,22.55,22.55,1030,76,10000,13,4.34
16,2128025,shizunai,Shizunai-furukawachō,42.3339,142.3669,Clouds,28.78,28.78,28.78,1009,80,10000,80,18.68
17,3652764,puerto ayora,Puerto Ayora,-0.7393,-90.3518,Clouds,87.76,87.76,87.76,1010,71,10000,66,10.76
18,5557293,sitka,Sitka,57.0531,-135.33,Clouds,42.69,42.69,42.69,1026,70,10000,75,0.0
19,3874787,punta arenas,Punta Arenas,-53.15,-70.9167,Clouds,66.31,66.11,66.31,999,48,10000,40,17.27
20,3440777,rocha,Rocha,-34.4833,-54.3333,Clouds,68.54,68.54,68.54,1012,93,10000,100,8.48
21,5866583,kodiak,Saint Paul Harbor,57.79,-152.4072,Mist,44.11,44.11,44.11,1003,81,3219,100,12.66
22,3403687,camocim,Camocim,-2.9022,-40.8411,Clouds,82.49,82.49,82.49,1009,75,10000,100,17.22
23,2037252,genhe,Genhe,50.7833,121.5167,Clouds,-3.44,-3.44,-3.44,1017,100,3682,100,2.37
24,2092164,lorengau,Lorengau,-2.0226,147.2712,Clouds,79.02,79.02,79.02,1008,79,10000,100,2.39
25,3366880,hermanus,Hermanus,-34.4187,19.2345,Clouds,70.81,70.81,73.9,1017,86,10000,97,11.56
26,2165478,gladstone,Gladstone,-23.85,151.25,Clouds,76.93,76.93,76.93,1004,78,10000,40,4.61
27,1819729,victoria,Hong Kong,22.2855,114.1577,Clouds,55.81,51.76,58.24,1023,80,10000,22,3.0
28,934322,mahebourg,Mahébourg,-20.4081,57.7,Clouds,77.29,76.24,77.29,1013,83,10000,40,3.44
29,1692364,puro,Puro,12.4841,123.3827,Clouds,77.41,77.41,77.41,1013,81,10000,92,14.94
30,724111,moldava nad bodvou,Moldava nad Bodvou,48.6143,20.9996,Clear,36.5,30.72,40.48,1020,67,10000,0,6.91
31,1673820,kaohsiung,Kaohsiung City,22.6163,120.3133,Clouds,60.91,51.89,61.03,1022,85,7000,75,2.3
32,3695466,la union,La Unión,-5.4,-80.75,Clouds,83.68,83.68,83.68,1009,49,10000,16,17.65
33,1735106,georgetown,George Town,5.4112,100.3354,Rain,77.05,76.95,78.73,1009,81,7000,20,8.05
34,1627877,sembakung,Sembakung,3.8167,117.25,Clouds,76.93,76.93,76.93,1011,99,10000,87,2.62
35,2155415,new norfolk,New Norfolk,-42.7826,147.0587,Clouds,55.9,53.89,57.65,1022,69,10000,100,1.01
36,964432,port alfred,Port Alfred,-33.5906,26.891,Clouds,74.39,74.39,74.39,1015,87,10000,12,20.6
37,5106841,albany,Albany,42.6001,-73.9662,Clouds,26.22,23.54,31.62,1028,40,10000,31,1.01
38,4513583,hamilton,Hamilton,39.1834,-84.5333,Haze,35.53,33.21,39.04,1022,80,10000,100,9.22
39,2017155,saskylakh,Saskylakh,71.9167,114.0833,Clouds,-13.25,-13.25,-13.25,1015,96,10000,100,5.06
40,5563839,fortuna,Fortuna,40.5982,-124.1573,Clear,52.9,48.54,57.42,1026,56,10000,0,12.66
41,2013894,ust-ordynskiy,Ust'-Ordynskiy,52.805,104.7508,Clouds,10.24,10.24,10.24,1034,100,5948,96,3.09
42,935214,saint-pierre,Saint-Pierre,-21.3393,55.4781,Clear,76.51,75.18,76.68,1012,88,10000,0,3.44
43,2274275,robertsport,Robertsport,6.7533,-11.3686,Clouds,81.09,81.09,81.09,1011,83,10000,100,8.97
44,5882953,aklavik,Aklavik,68.2191,-135.0107,Clouds,6.8,5.72,7.63,1020,78,10000,75,5.75
45,456506,priekule,Priekule,56.4468,21.5897,Clouds,42.12,42.12,42.19,1003,71,10000,100,17.4
46,4030556,rikitea,Rikitea,-23.1203,-134.9692,Rain,78.62,78.62,78.62,1018,72,10000,62,5.64
47,642455,pietarsaari,Pedersore,63.65,22.6833,Clouds,33.15,31.89,33.93,987,85,10000,100,1.99
48,2067119,mandurah,Mandurah,-32.55,115.7,Clouds,67.24,64.9,70.21,1010,75,10000,100,10.74
49,2022572,khatanga,Khatanga,71.9667,102.5,Clouds,-19.52,-19.52,-19.52,1017,100,10000,93,6.15
50,218680,boende,Boende,-0.2167,20.8667,Clouds,71.37,71.37,71.37,1012,94,10000,92,1.95
51,10722858,svetlogorsk,Forsytheganj,52.6333,29.7333,Clouds,34.45,34.45,34.45,1022,82,10000,100,8.19
52,2121385,severo-kurilsk,Severo-Kuril'sk,50.6789,156.125,Clouds,26.38,26.38,26.38,984,70,10000,94,29.08
53,3466704,castro,Castro,-24.7911,-50.0119,Clouds,76.14,76.14,76.14,1013,75,10000,46,3.18
54,2514651,los llanos de aridane,Los Llanos de Aridane,28.6585,-17.9182,Clouds,60.12,60.12,60.55,1018,85,10000,75,13.8
55,770293,jaslo,Jasło,49.7451,21.4725,Clouds,38.41,34.47,42.58,1014,69,10000,87,20.58
56,2122574,ola,Ola,59.5833,151.2833,Clouds,-2.81,-2.81,-2.81,986,85,10000,95,7.14
57,2122090,pevek,Pevek,69.7008,170.3133,Clouds,-14.71,-14.71,-14.71,1004,94,7369,100,1.5
58,3421193,paamiut,Paamiut,61.994,-49.6678,Clouds,-4.58,-4.58,-4.58,991,95,10000,100,19.33
59,135423,shahrud,Shahrud,36.4182,54.9763,Clear,45.95,45.95,45.95,1022,61,10000,1,3.42
60,779261,kjollefjord,Kjøllefjord,70.9457,27.3465,Clouds,28.24,28.18,28.45,971,74,10000,75,14.97
61,364027,wagar,Wagar,16.1525,36.2032,Clouds,80.65,80.65,80.65,1011,9,10000,92,13.06
62,6096551,pangnirtung,Pangnirtung,66.1451,-65.7125,Clouds,-23.8,-23.8,-23.8,1009,69,4828,100,0.0
63,2304548,anloga,Anloga,5.7947,0.8973,Clouds,80.82,80.82,80.82,1011,83,10000,18,7.2
64,761546,poniatowa,Poniatowa,51.1798,22.1309,Clouds,38.5,36.91,40.15,1015,69,10000,100,16.04
65,638936,rovaniemi,Rovaniemi,66.5,25.7167,Clouds,29.61,29.61,29.61,980,93,10000,75,16.11
66,5122534,jamestown,Jamestown,42.097,-79.2353,Clouds,30.43,23.34,33.3,1024,43,10000,100,6.91
67,546105,nikolskoye,Nikolskoye,59.7035,30.7861,Clouds,35.46,34.72,36.88,1008,86,10000,100,13.87
68,1006984,east london,East London,-33.0153,27.9116,Clouds,74.98,74.98,74.98,1016,81,10000,35,16.67
69,6170031,tuktoyaktuk,Tuktoyaktuk,69.4541,-133.0374,Clouds,-14.8,-14.8,-14.8,1020,70,10000,20,5.75
70,2156404,mudgee,Mudgee,-32.5943,149.5871,Clouds,69.84,67.62,69.85,1014,88,10000,100,5.75
71,2686162,oskarshamn,Oskarshamn,57.2645,16.4484,Clouds,40.98,38.97,40.98,994,86,10000,100,13.94
72,3523828,luis gil perez,Luis Gil Pérez,17.8667,-93.05,Clouds,87.76,87.76,87.91,1012,69,10000,74,3.24
73,3355672,luderitz,Lüderitz,-26.6481,15.1594,Clear,71.55,71.55,71.55,1013,58,10000,0,21.56
74,2070998,geraldton,Geraldton,-28.7667,114.6,Clouds,73.81,73.81,73.81,1009,88,10000,100,9.22
75,214575,kampene,Kampene,-3.6,26.6667,Clouds,66.7,66.7,66.7,1014,99,10000,89,1.9
76,60019,eyl,Eyl,7.9803,49.8164,Clouds,76.69,76.69,76.69,1014,76,10000,85,10.04
77,2169535,dalby,Dalby,-27.1833,151.2667,Rain,70.18,70.18,70.18,1008,91,10000,100,17.49
78,3831208,qaanaaq,Qaanaaq,77.484,-69.3632,Clouds,-15.25,-15.25,-15.25,1012,61,10000,73,7.02
79,3374083,bathsheba,Bathsheba,13.2167,-59.5167,Clouds,79.41,79.41,79.41,1012,78,10000,40,16.11
80,2400547,gamba,Gamba,-2.65,10.0,Clouds,79.79,79.79,79.79,1011,83,10000,100,1.79
81,1736405,jertih,Jertih,5.7336,102.4897,Rain,78.67,78.67,78.67,1011,96,917,100,8.37
82,2618795,klaksvik,Klaksvík,62.2266,-6.589,Clouds,34.72,34.72,34.72,998,59,10000,100,30.36
83,4726521,san patricio,San Patricio,28.017,-97.5169,Clouds,47.68,44.44,50.09,1018,68,10000,100,6.04
84,4163318,mango,Mango,27.9797,-82.3065,Clouds,83.41,72.86,89.06,1021,55,10000,40,8.05
85,2180063,waiouru,Waiouru,-39.4833,175.6667,Clouds,56.86,56.86,56.86,1021,55,10000,11,3.76
86,3369157,cape town,Cape Town,-33.9258,18.4232,Clear,68.05,67.1,68.88,1016,85,10000,0,17.27
87,2138555,poum,Poum,-20.2333,164.0167,Clouds,81.73,81.73,81.73,1007,77,10000,100,12.35
88,3984997,san quintin,San Quintín,30.4833,-115.95,Clear,55.44,55.44,55.44,1023,36,10000,0,10.76
89,935215,saint-philippe,Saint-Philippe,-21.3585,55.7679,Clouds,76.15,75.11,76.59,1014,89,10000,100,9.95
90,3424607,tasiilaq,Tasiilaq,65.6145,-37.6368,Clouds,21.36,21.36,21.36,1002,83,10000,100,18.21
91,1082243,ambilobe,Ambilobe,-13.2,49.05,Rain,75.33,75.33,75.33,1013,93,10000,33,3.44
92,1701054,marawi,Marawi,7.9986,124.2928,Clouds,64.65,64.65,64.65,1013,95,10000,100,1.03
93,3385899,tutoia,Tutóia,-2.7619,-42.2744,Clouds,84.18,84.18,84.18,1009,84,10000,74,10.83
94,3421765,nanortalik,Nanortalik,60.1432,-45.2371,Clouds,18.54,18.54,18.54,980,85,10000,100,20.04
95,3471451,arraial do cabo,Arraial do Cabo,-22.9661,-42.0278,Clouds,80.46,80.46,80.56,1014,83,10000,20,10.36
96,3466165,cidreira,Cidreira,-30.1811,-50.2056,Clouds,76.44,76.44,76.44,1013,75,10000,72,16.22
97,2094342,kavieng,Kavieng,-2.5744,150.7967,Clouds,81.27,81.27,81.27,1007,77,10000,100,7.99
98,543246,kozhva,Kozhva,65.1073,57.0459,Clouds,7.11,7.11,7.11,1012,97,10000,89,7.65
99,932960,werda,Werda,-25.2667,23.2833,Clouds,83.28,83.28,83.28,1010,26,10000,83,3.65
100,608270,shubarshi,Shubarshi,48.5872,57.1869,Clouds,29.95,29.95,29.95,1028,88,10000,96,6.06
101,3430863,mar del plata,Mar del Plata,-38.0023,-57.5575,Clouds,65.88,65.88,68.02,1008,100,10000,40,8.05
102,2141305,fayaoue,Fayaoué,-20.65,166.5333,Clouds,80.85,80.85,80.85,1008,76,10000,89,9.19
103,3372707,ribeira grande,Ribeira Grande,38.5167,-28.7,Clouds,57.6,57.6,57.6,1032,62,10000,75,6.91
104,1282256,hithadhoo,Hithadhoo,-0.6,73.0833,Clear,82.11,82.11,82.11,1010,70,10000,1,9.06
105,4033557,tautira,Tautira,-17.7333,-149.15,Rain,86.02,86.0,86.02,1015,77,10000,90,14.47
106,2208248,kaitangata,Kaitangata,-46.2817,169.8464,Clear,57.16,57.16,57.16,1023,71,10000,3,1.97
107,5848280,kapaa,Kapaa,22.0752,-159.319,Clear,78.85,78.12,80.58,1021,66,10000,0,6.91
108,1786060,yuanping,Yuanping,38.7153,112.7575,Clouds,30.31,30.31,30.31,1025,61,10000,65,2.8
109,2063036,port lincoln,Port Lincoln,-34.7333,135.8667,Clouds,63.18,63.18,63.18,1019,80,10000,17,18.5
110,540761,kropotkin,Kropotkin,45.4375,40.5756,Clouds,50.04,50.04,50.04,1015,63,10000,100,9.51
111,777019,vardo,Vardø,70.3705,31.1107,Clouds,26.58,24.55,28.6,973,80,10000,40,8.05
112,286245,sur,Sur,22.5667,59.5289,Clouds,71.85,71.85,71.85,1016,62,10000,48,7.7
113,5746545,portland,Portland,45.5234,-122.6762,Clouds,38.12,35.2,42.21,1031,73,10000,75,7.0
114,64814,bandarbeyla,Bandarbeyla,9.4942,50.8122,Clear,76.6,76.6,76.6,1014,77,10000,10,12.68
115,4035715,avarua,Avarua,-21.2078,-159.775,Clouds,84.25,84.25,84.25,1012,74,10000,20,16.11
116,516588,nyrob,Nyrob,60.733,56.7202,Clouds,0.18,0.18,0.18,1021,100,3670,99,2.21
117,1634614,nabire,Nabire,-3.3667,135.4833,Clouds,74.62,74.62,74.62,1010,93,10000,100,1.05
118,4031574,provideniya,Provideniya,64.3833,-173.3,Snow,25.48,25.48,25.48,993,95,197,100,15.97
119,1160571,khash,Khāsh,28.2211,61.2158,Clear,54.54,54.54,54.54,1018,34,10000,1,4.23
120,5880054,barrow,Barrow,71.2906,-156.7887,Clear,-11.18,-11.18,-11.18,1022,70,10000,0,13.8
121,3836277,santa fe,Santa Fe,-31.6333,-60.7,Clouds,82.02,82.02,82.02,1008,62,10000,15,1.99
122,2171099,codrington,Codrington,-38.2667,141.9667,Clouds,60.42,60.42,60.42,1022,70,10000,100,14.92
123,2055868,yantal,Yantal',56.8471,105.2542,Clouds,10.24,10.24,10.24,1027,99,608,98,3.49
124,1639304,kualakapuas,Kualakapuas,-3.0091,114.3876,Clouds,75.36,75.36,75.36,1010,97,10000,100,1.77
125,2015306,tiksi,Tiksi,71.6872,128.8694,Clouds,-2.49,-2.49,-2.49,1011,100,1332,100,4.03
126,4160812,key west,Key West,24.5557,-81.7826,Clear,80.87,78.01,84.2,1020,70,10000,0,17.27
127,3664716,canutama,Canutama,-6.5339,-64.3831,Rain,80.89,80.89,80.89,1006,87,10000,80,3.38
128,2122104,petropavlovsk-kamchatskiy,Petropavlovsk-Kamchatskiy,53.0452,158.6483,Clear,5.59,4.78,5.59,976,78,10000,0,8.95
129,2180815,tuatapere,Tuatapere,-46.1333,167.6833,Clouds,59.83,59.83,59.83,1022,80,10000,15,2.19
130,6254930,palestina,Palestine,31.9216,35.2033,Clouds,46.54,43.47,47.93,1013,85,10000,42,14.03
131,1490256,talnakh,Talnakh,69.4865,88.3972,Clouds,-5.15,-5.15,-5.15,1013,84,10000,100,9.44
132,3421719,narsaq,Narsaq,60.9167,-46.05,Clouds,5.22,5.22,5.22,982,86,10000,100,2.73
133,6355222,yulara,Yulara,-25.2406,130.9889,Clear,75.04,75.04,75.04,1013,35,10000,0,9.22
134,5855927,hilo,Hilo,19.7297,-155.09,Clouds,78.28,74.8,80.33,1021,67,10000,20,9.22
135,2012530,zhigansk,Zhigansk,66.7697,123.3711,Clouds,0.63,0.63,0.63,1008,96,455,100,12.12
136,2065594,mount isa,Mount Isa,-20.7333,139.5,Clouds,65.97,65.97,65.97,1007,59,10000,18,0.0
137,1254046,tura,Tura,25.5198,90.2201,Rain,59.74,59.74,59.74,1016,70,10000,76,3.69
138,4033543,teahupoo,Teahupoo,-17.8333,-149.2667,Rain,80.56,80.53,80.56,1015,77,10000,73,14.79
139,933995,souillac,Souillac,-20.5167,57.5167,Clouds,77.38,76.35,77.38,1013,83,10000,40,3.44
140,3459352,ladario,Ladário,-19.0047,-57.6017,Clouds,89.89,89.89,91.49,1008,58,10000,40,8.05
141,3466980,caravelas,Caravelas,-17.7125,-39.2481,Clear,79.92,79.92,79.92,1013,78,10000,3,6.4
142,986717,kruisfontein,Kruisfontein,-34.0033,24.7314,Clouds,73.89,73.89,73.89,1015,97,10000,51,7.07
143,2729907,longyearbyen,Longyearbyen,78.2186,15.6401,Clouds,-14.96,-14.96,-14.96,992,70,10000,20,11.5
144,2026708,bichura,Bichura,50.5881,107.6022,Clouds,6.42,6.42,6.42,1032,97,10000,98,3.69
145,2177069,ballina,Ballina,-28.8667,153.5667,Clouds,75.47,72.95,76.96,1011,87,10000,100,12.66
146,3418910,upernavik,Upernavik,72.7868,-56.1549,Clouds,-30.1,-30.1,-30.1,1007,99,7254,96,10.92
147,1786538,yining,Yining,29.0361,114.5636,Clear,37.99,37.99,37.99,1028,92,10000,6,0.09
148,556268,ostrovnoy,Ostrovnoy,68.0531,39.5131,Clouds,28.31,28.31,28.31,979,86,10000,100,23.06
149,515879,oktyabrskiy,Oktyabr'skiy,54.4815,53.471,Clouds,18.93,18.93,18.93,1026,97,10000,97,3.8
150,2272491,zwedru,Zwedru,6.0667,-8.1281,Clouds,78.4,78.4,78.4,1011,76,10000,39,4.85
151,525426,sobolevo,Sobolevo,54.4299,31.8996,Clouds,33.42,33.42,33.42,1022,80,10000,100,12.53
152,1581047,ha tinh,Ha Tinh,18.3333,105.9,Clouds,57.24,57.24,57.24,1022,83,10000,100,4.18
153,3671519,puerto carreno,Puerto Carreño,6.189,-67.4859,Clouds,93.18,93.18,93.18,1006,43,10000,40,10.36
154,3394023,natal,Natal,-5.795,-35.2094,Clouds,84.42,83.05,84.42,1010,74,10000,20,13.8
155,2126199,cherskiy,Cherskiy,68.75,161.3,Snow,-12.51,-12.51,-12.51,998,94,242,100,2.24
156,1015776,bredasdorp,Bredasdorp,-34.5322,20.0403,Clouds,69.12,69.12,70.29,1017,83,10000,100,4.61
157,4031637,lavrentiya,Lavrentiya,65.5833,-171.0,Snow,28.02,28.02,28.02,996,97,140,100,13.11
158,934649,cap malheureux,Cap Malheureux,-19.9842,57.6142,Clouds,76.46,76.46,77.49,1013,86,10000,100,9.78
159,2527087,tiznit,Tiznit Province,29.5833,-9.5,Clouds,65.28,65.28,65.28,1015,43,10000,95,5.19
160,1277836,bahadurganj,Bahādurganj,26.2667,87.8167,Clouds,65.5,65.5,65.5,1015,52,10000,63,8.77
161,3386177,trairi,Trairi,-3.2778,-39.2689,Clouds,80.76,80.76,80.76,1010,78,10000,12,9.57
162,2121025,srednekolymsk,Srednekolymsk,67.45,153.6833,Clouds,-13.34,-13.34,-13.34,1000,89,10000,100,6.2
163,5905393,bonavista,Bonavista,48.6499,-53.1147,Snow,19.4,19.4,24.12,1007,77,10000,100,30.67
164,6165406,thompson,Thompson,55.7435,-97.8558,Clear,6.96,6.96,6.96,1026,43,10000,0,9.22
165,4977125,rumford,Rumford,44.5537,-70.5509,Clouds,24.78,22.12,28.24,1032,33,10000,33,6.91
166,2163355,hobart,Hobart,-42.8794,147.3294,Clouds,56.03,54.23,58.01,1020,86,10000,100,11.5
167,5364271,laguna,Laguna,38.421,-121.4238,Clear,55.89,51.78,60.22,1026,37,10000,0,3.0
168,2126710,beringovskiy,Beringovskiy,63.05,179.3167,Snow,30.99,30.99,30.99,990,98,662,100,9.01
169,1488933,turinsk,Turinsk,58.0458,63.696,Clouds,18.23,18.23,18.23,1019,95,10000,87,5.28
170,1060007,marolambo,Marolambo,-20.05,48.1167,Rain,72.28,72.28,72.28,1012,98,10000,100,1.39
171,6167817,torbay,Torbay,47.6666,-52.7314,Clouds,22.39,21.27,23.58,1006,64,10000,40,35.68
172,2013921,ust-kuyga,Ust-Kuyga,70.0167,135.6,Clouds,-3.19,-3.19,-3.19,1009,98,2637,100,6.6
173,2630299,hofn,Hofn,64.2539,-15.2082,Clouds,23.14,23.14,23.14,1008,69,10000,67,17.16
174,1083239,ambatofinandrahana,Ambatofinandrahana,-20.55,46.8,Rain,63.36,63.36,63.36,1015,97,10000,100,2.04
175,3899539,antofagasta,Antofagasta,-23.65,-70.4,Clouds,74.21,67.28,74.21,1013,58,10000,13,9.98
176,3389860,salgueiro,Salgueiro,-8.0742,-39.1192,Clouds,88.84,88.84,88.84,1008,35,10000,52,1.95
177,6137462,saint-augustin,Saint-Augustin,51.226,-58.6502,Clouds,11.08,11.08,11.08,1014,74,10000,100,15.88
178,5391959,san francisco,San Francisco,37.7749,-122.4194,Clouds,55.53,51.19,60.85,1025,49,10000,20,7.0
179,6148373,sioux lookout,Sioux Lookout,50.1001,-91.917,Clear,3.27,3.27,3.58,1031,51,10000,0,4.61
180,709493,dubrovytsya,Dubrovytsya,51.5744,26.565,Clouds,34.48,34.48,34.48,1020,78,10000,50,10.45
181,964420,port elizabeth,Port Elizabeth,-33.918,25.5701,Clouds,73.69,73.69,76.1,1015,94,10000,40,13.8
182,3083955,swinoujscie,Świnoujście,53.9105,14.2471,Clouds,45.12,39.97,49.48,1000,83,7458,75,27.78
183,2381334,atar,Atar,20.5169,-13.0499,Clouds,84.15,84.15,84.15,1012,15,10000,100,5.23
184,1806687,yongan,Yong’an,39.6957,113.6871,Clear,19.24,19.24,19.24,1027,75,10000,1,2.98
185,2318123,yenagoa,Yenagoa,4.9247,6.2642,Clear,81.64,81.64,81.64,1010,79,10000,9,4.59
186,2014573,uglekamensk,Uglekamensk,43.2172,133.2303,Clouds,9.21,9.21,9.21,1020,96,10000,34,2.53
187,2523619,ribera,Ribera,37.4984,13.2642,Clouds,48.43,48.25,52.39,1023,74,10000,100,4.65
188,1150965,ranong,Ranong,9.9658,98.6348,Clouds,74.08,74.08,74.08,1011,87,10000,70,5.19
189,1507116,dudinka,Dudinka,69.4058,86.1778,Clouds,-2.43,-2.43,-2.43,1011,94,10000,96,6.35
190,1805857,jieshi,Jieshi,22.8134,115.8257,Clouds,53.94,53.94,53.94,1025,80,10000,24,16.26
191,2063042,port hedland,Port Hedland,-20.3167,118.5667,Clouds,84.25,84.25,84.25,1004,94,10000,68,9.22
192,184433,nanyuki,Nanyuki,0.0167,37.0728,Clouds,58.55,58.55,58.55,1018,73,10000,100,3.78
193,1162105,zhob,Zhob,31.3411,69.4481,Clear,50.9,50.9,50.9,1017,44,10000,2,6.96
194,3372472,vila franca do campo,Vila Franca do Campo,37.7167,-25.4333,Clouds,58.19,55.81,58.19,1032,69,10000,56,8.03
195,3985710,cabo san lucas,Cabo San Lucas,22.8909,-109.9124,Clear,78.31,74.52,81.61,1012,53,10000,0,4.61
196,5797693,hoquiam,Hoquiam,46.9809,-123.8893,Clear,44.02,37.92,46.44,1030,63,10000,0,10.36
197,5367788,lompoc,Lompoc,34.6391,-120.4579,Clear,57.99,55.92,61.11,1023,42,10000,0,17.27
198,2032614,baruun-urt,Baruun-Urt,46.6806,113.2792,Clouds,7.81,7.81,7.81,1024,86,10000,98,4.23
199,2110227,butaritari,Butaritari,3.0707,172.7902,Clouds,81.82,81.82,81.82,1009,77,10000,98,21.63
200,4031742,egvekinot,Egvekinot,66.3167,-179.1667,Clouds,-1.77,-1.77,-1.77,1000,90,6225,100,14.79
201,1106643,quatre cocos,Quatre Cocos,-20.2078,57.7625,Clouds,76.08,76.08,77.11,1012,83,10000,100,7.72
202,1859964,kaseda,Kaseda-shirakame,31.4167,130.3167,Clear,35.85,35.85,36.63,1027,70,10000,2,12.68
203,6185377,yellowknife,Yellowknife,62.456,-114.3525,Snow,8.42,6.42,10.92,1018,88,10000,100,0.0
204,4035252,lotofaga,Lotofaga,-13.9764,-171.8578,Rain,76.78,76.78,76.78,1008,80,10000,80,18.9
205,2030065,mandalgovi,Mandalgovi,45.7625,106.2708,Clouds,14.22,14.22,14.22,1026,66,10000,100,13.18
206,2158767,mareeba,Mareeba,-17.0,145.4333,Clouds,76.41,74.12,76.44,1007,92,10000,99,2.28
207,2026777,berkakit,Berkakit,56.5807,124.7681,Clouds,3.34,3.34,3.34,1013,99,1594,99,1.43
208,2278158,buchanan,Buchanan,5.8808,-10.0467,Clouds,80.33,80.33,80.33,1011,84,10000,25,7.14
209,110690,faya,Faya,18.3851,42.4509,Clouds,57.72,57.72,60.91,1017,62,10000,19,4.94
210,3894426,coihaique,Coyhaique,-45.5752,-72.0662,Clouds,66.15,66.15,66.81,1008,45,10000,75,8.05
211,3833859,tres arroyos,Tres Arroyos,-38.3739,-60.2798,Clear,79.14,79.14,79.14,1006,29,10000,0,17.74
212,5044290,saint anthony,Saint Anthony,45.0205,-93.218,Snow,10.18,7.32,13.42,1029,75,2414,100,11.5
213,1785655,yunyang,Yunyang,33.4474,112.7142,Clear,38.59,38.59,38.59,1026,71,10000,2,6.85
214,2281120,tabou,Tabou,4.423,-7.3528,Clouds,79.66,79.66,79.66,1012,84,10000,12,5.19
215,3641099,el vigia,El Vigia,8.6219,-71.6506,Clouds,83.91,83.91,83.91,1010,65,10000,94,0.65
216,1637001,biak,Biak,-0.9131,122.8766,Clouds,75.6,75.6,75.6,1010,77,10000,97,3.94
217,6111862,port hardy,Port Hardy,50.6996,-127.4199,Clouds,41.18,41.18,42.76,1030,75,10000,75,4.61
218,2189343,kaeo,Kaeo,-35.1,173.7833,Clouds,69.33,69.33,69.33,1019,89,10000,50,9.73
219,2409215,mattru,Mattru,7.6244,-11.8332,Clouds,79.23,79.23,79.23,1011,79,10000,100,4.47
220,3867427,mayor pablo lagerenza,Mayor Pablo Lagerenza,-19.9309,-60.7718,Clouds,96.69,96.69,96.69,1003,33,10000,72,6.2
221,2138522,poya,Poya,-21.35,165.15,Clouds,80.31,80.31,80.31,1008,80,10000,100,3.44
222,884927,mutoko,Mutoko,-17.397,32.2268,Clear,62.11,62.11,62.11,1015,91,10000,3,2.91
223,935616,le port,Le Port,-20.9373,55.2919,Clouds,76.35,75.51,77.0,1014,88,10000,100,5.97
224,3919968,cochabamba,Cochabamba,-17.3895,-66.1568,Clouds,80.35,80.35,80.35,1017,28,10000,75,14.97
225,2644210,liverpool,Liverpool,53.4106,-2.9779,Clouds,40.17,36.79,42.76,1009,76,10000,20,16.11
226,3448903,sao joao da barra,São João da Barra,-21.6403,-41.0511,Clear,80.69,80.69,80.69,1014,86,10000,0,10.13
227,5802636,mattawa,Mattawa,46.7379,-119.9028,Clouds,32.67,24.71,37.02,1033,59,10000,100,1.43
228,3372964,lagoa,Lagoa,39.05,-27.9833,Clouds,57.24,57.24,57.24,1033,70,10000,29,10.56
229,1651591,amahai,Amahai,-3.3333,128.9167,Clouds,77.36,77.36,77.36,1009,81,10000,100,6.89
230,1811720,enshi,Enshi,30.3,109.4833,Clear,39.15,39.15,39.15,1027,85,10000,6,1.16
231,3581194,san ignacio,San Ignacio,17.1561,-89.0714,Clouds,87.94,87.94,87.94,1013,58,10000,40,9.22
232,5386754,redlands,Redlands,34.0556,-117.1825,Clear,55.72,50.7,60.73,1022,24,10000,0,1.01
233,5851349,nanakuli,Nānākuli,21.3906,-158.1547,Clouds,80.29,78.62,81.03,1021,53,10000,75,9.22
234,934479,grand gaube,Grand Gaube,-20.0064,57.6608,Clouds,76.37,76.37,77.4,1013,86,10000,100,10.16
235,3893629,coquimbo,Coquimbo,-29.9533,-71.3436,Clear,69.53,69.53,69.53,1013,73,10000,0,17.27
236,1279159,ajmer,Ajmer,26.45,74.6333,Clear,63.86,63.86,63.86,1015,32,10000,1,7.02
237,2063523,perth,Perth,-31.9333,115.8333,Clear,68.45,64.4,70.66,1008,74,10000,0,6.91
238,779683,hammerfest,Hammerfest,70.6634,23.6821,Clouds,27.05,27.05,27.05,973,74,10000,75,0.0
239,2112309,katsuura,Katsuura,35.1333,140.3,Clear,37.31,35.11,37.51,1020,52,10000,2,6.11
240,1259385,port blair,Port Blair,11.6667,92.75,Mist,78.84,78.84,78.84,1011,83,5000,40,4.61
241,3924908,pimenta bueno,Pimenta Bueno,-11.6725,-61.1936,Clouds,79.34,79.34,79.34,1007,92,10000,97,3.31
242,1154689,ko samui,Ko Samui,9.5357,99.9357,Clouds,80.83,80.83,80.83,1011,72,10000,89,10.78
243,3402648,carutapera,Carutapera,-1.195,-46.02,Clear,78.85,78.85,78.85,1009,87,10000,10,8.19
244,3943626,chivay,Chivay,-15.6383,-71.6011,Rain,55.26,55.26,55.26,1012,73,2908,98,6.04
245,3470137,belmonte,Belmonte,-15.8631,-38.8828,Clouds,81.1,81.1,81.1,1013,77,10000,11,8.63
246,1698289,pundaguitan,Pundaguitan,6.3711,126.1689,Rain,78.85,78.85,78.85,1011,82,9269,97,16.31
247,5972762,hay river,Hay River,60.8156,-115.7999,Clouds,21.18,21.18,22.96,1019,68,10000,75,6.91
248,5546220,saint george,Saint George,37.1041,-113.5841,Clear,42.3,38.53,45.43,1027,37,10000,0,3.44
249,5478673,meadow lake,Meadow Lake,34.8014,-106.5436,Clear,39.47,33.24,43.68,1018,29,10000,0,17.67
250,3839307,rawson,Rawson,-43.3002,-65.1023,Rain,59.11,59.11,59.11,999,93,5837,100,27.29
251,2633406,yate,Yate,51.5407,-2.4184,Clouds,39.29,36.48,41.54,1018,82,10000,21,4.0
252,4231997,avera,Avera,33.194,-82.5271,Clear,81.7,79.38,84.7,1020,48,10000,2,11.12
253,1106677,bambous virieux,Bambous Virieux,-20.3428,57.7575,Clouds,77.25,76.21,77.25,1013,83,10000,40,3.44
254,2028164,deputatskiy,Deputatsky,69.3,139.9,Clouds,-15.09,-15.09,-15.09,1009,90,10000,100,1.14
255,2270385,camacha,Camacha,33.0833,-16.3333,Clouds,58.42,58.42,59.76,1020,72,10000,20,16.11
256,3141667,roald,Roald,62.5833,6.1333,Clear,37.94,33.01,39.34,983,70,10000,0,11.5
257,1503796,khandagayty,Khandagayty,50.7333,92.05,Clouds,-7.64,-7.64,-7.64,1045,97,5406,82,4.29
258,3163146,andenes,Andenes,69.3143,16.1194,Clouds,35.58,31.06,35.58,970,87,10000,75,10.36
259,2299645,keta,Keta,5.9179,0.9879,Clouds,80.82,80.82,80.82,1011,81,10000,21,7.83
260,2074865,carnarvon,Carnarvon,-24.8667,113.6333,Clouds,77.07,77.07,77.07,1009,88,10000,100,12.66
261,2119538,yelizovo,Yelizovo,53.1873,158.3805,Clear,6.12,6.12,6.94,976,77,10000,0,8.99
262,2125693,evensk,Evensk,61.95,159.2333,Clouds,11.84,11.84,11.84,980,83,10000,100,11.48
263,4636045,lebanon,Lebanon,36.2081,-86.2911,Clouds,42.78,37.08,55.29,1018,89,10000,100,0.0
264,3354071,oranjemund,Oranjemund,-28.55,16.4333,Clear,64.65,64.65,64.65,1016,92,10000,8,11.52
265,2361373,diapaga,Diapaga,12.0708,1.7889,Clear,81.88,81.88,81.88,1011,6,10000,0,7.2
266,3414079,olafsvik,Olafsvik,64.8945,-23.7142,Clouds,26.74,26.74,26.74,1006,65,10000,40,9.37
267,3393764,oeiras,Oeiras,-7.0253,-42.1311,Clouds,83.68,83.68,83.68,1008,58,10000,100,3.33
268,3941492,desaguadero,Desaguadero,-16.5656,-69.0417,Clouds,57.18,57.18,57.18,1007,54,10000,75,13.13
269,1714733,dingle,Dingle,10.9995,122.6711,Clouds,73.99,73.99,73.99,1013,92,10000,97,8.01
270,363619,yei,Yei,4.095,30.6779,Clouds,75.67,75.67,75.67,1010,24,10000,100,4.36
271,1507390,dikson,Dikson,73.5069,80.5464,Clouds,-2.11,-2.11,-2.11,1008,94,10000,100,12.39
272,2094746,kandrian,Kandrian,-6.2167,149.55,Clouds,79.95,79.95,79.95,1006,85,10000,90,11.7
273,2122605,okhotsk,Okhotsk,59.3833,143.3,Clouds,-5.8,-5.8,-5.8,990,75,10000,37,17.07
274,4845585,westport,Westport,41.1415,-73.3579,Clear,32.25,29.75,34.74,1030,43,10000,0,10.36
275,3671437,puerto leguizamo,Caucayá,-0.1934,-74.7819,Clouds,84.07,84.07,84.07,1006,72,10000,95,1.45
276,3792394,mapiripan,Mapiripán,2.8892,-72.1256,Rain,84.96,84.96,84.96,1006,56,10000,99,5.03
277,743881,kastamonu,Kastamonu Province,41.5,33.6667,Clouds,38.91,38.91,38.91,1012,95,10000,100,2.8
278,4035249,lufilufi,Lufilufi,-13.8745,-171.5986,Rain,76.78,76.78,76.78,1008,81,10000,86,15.57
279,3587498,acajutla,Acajutla,13.5928,-89.8275,Clear,100.74,93.79,100.74,1010,57,10000,4,9.04
280,2373951,canchungo,Canchungo,12.0672,-16.0333,Clear,72.23,72.23,72.23,1011,66,10000,2,8.68
281,2123814,leningradskiy,Leningradskiy,69.3833,178.4167,Clouds,-5.22,-5.22,-5.22,1009,97,785,100,7.49
282,3445026,vila velha,Vila Velha,-20.3297,-40.2925,Clouds,81.95,81.95,82.35,1014,81,10000,20,6.91
283,372753,kassala,Kassala,15.451,36.4,Clouds,80.76,80.76,80.76,1011,10,10000,42,9.53
284,1258076,rohtak,Rohtak,28.9,76.5667,Clear,62.69,62.69,62.69,1016,68,10000,0,5.08
285,1735799,sri aman,Sri Aman,1.2376,111.4621,Clouds,73.45,73.45,73.45,1011,94,10000,100,0.0
286,2109528,buala,Buala,-8.145,159.5921,Clouds,83.19,83.19,83.19,1008,73,10000,98,7.2
287,2347758,bara,Bara,10.3744,10.7288,Clouds,74.23,74.23,74.23,1012,17,10000,34,9.75
288,101312,turayf,Turaif,31.6725,38.6637,Clouds,52.05,52.05,52.05,1011,82,10000,40,17.27
289,2640351,peterhead,Peterhead,57.5058,-1.7981,Clouds,36.46,35.11,37.8,997,88,1376,63,22.59
290,2629833,husavik,Husavik,66.0449,-17.3389,Clouds,22.91,22.91,22.91,1010,85,10000,99,7.94
291,1649150,bengkulu,Bengkulu,-3.8004,102.2655,Rain,74.98,74.98,74.98,1010,83,10000,59,3.89
292,1502073,krasnoselkup,Krasnosel'kup,65.7,82.4667,Clouds,17.02,17.02,17.02,1004,96,656,100,7.43
293,2101169,aitape,Aitape,-3.1374,142.3475,Rain,76.62,76.62,76.62,1009,89,10000,100,3.71
294,1267776,kargil,Kargil,34.5667,76.1,Clouds,5.58,5.58,5.58,1034,89,1985,97,3.18
295,1728675,balabac,Balabac,7.9868,117.0645,Clouds,79.65,79.65,79.65,1011,82,10000,99,15.59
296,503581,pyaozerskiy,Pyaozerskiy,65.8333,31.1667,Clouds,30.72,30.72,30.72,988,80,10000,73,18.37
297,2071860,esperance,Esperance,-33.8667,121.9,Clouds,64.24,64.24,64.24,1017,80,10000,93,16.44
298,4809537,huntington,Huntington,38.4193,-82.4452,Clouds,39.31,38.3,42.73,1021,90,10000,100,3.44
299,3174050,mantua,Province of Mantua,45.1667,10.7833,Clouds,42.28,39.81,48.81,1018,82,10000,52,1.99
300,1611195,chiang klang,Chiang Klang,19.2938,100.8617,Clear,62.28,62.28,62.28,1018,89,10000,0,1.72
301,3352136,windhoek,Windhoek,-22.5594,17.0832,Clear,73.6,71.11,73.6,1022,25,10000,0,3.44
302,3883457,lebu,Lebu,-37.6167,-73.65,Clouds,62.87,62.87,62.87,1016,78,10000,37,7.61
303,4021858,guerrero negro,Guerrero Negro,27.9769,-114.0611,Clouds,65.05,65.05,65.05,1018,32,10000,14,8.66
304,3897774,buin,Buin,-33.7333,-70.75,Clouds,81.28,73.71,82.72,1013,21,10000,69,9.86
305,64013,bosaso,Bosaso,11.2842,49.1816,Clear,75.27,75.27,75.27,1014,72,10000,9,1.14
306,5072006,lincoln,Lincoln,40.8,-96.667,Clouds,16.3,13.86,18.28,1024,61,10000,100,8.05
307,6089245,norman wells,Norman Wells,65.282,-126.8329,Clouds,6.84,6.84,6.84,1018,85,10000,75,4.61
308,113659,tabas,Tabas,33.5959,56.9244,Clear,58.51,58.51,58.51,1019,45,10000,0,2.53
309,3571913,marsh harbour,Marsh Harbour,26.5412,-77.0636,Clear,74.07,74.07,74.07,1022,69,10000,0,14.88
310,3423146,ilulissat,Ilulissat,69.2167,-51.1,Clouds,-25.78,-25.78,-25.78,1002,95,10000,46,4.97
311,1299237,pyapon,Pyapon,16.2833,95.6833,Clear,68.52,68.52,68.52,1013,50,10000,3,4.12
312,3932145,pisco,Pisco,-13.7,-76.2167,Clear,75.25,75.25,75.25,1010,69,10000,0,16.11
313,1651810,airai,Airai,-8.9266,125.4092,Clouds,59.18,59.18,59.18,1010,93,10000,100,3.2
314,2134814,sola,Sola,-13.8833,167.55,Clouds,81.27,81.27,81.27,1007,89,10000,75,0.0
315,1786855,yatou,Yatou,37.15,122.3833,Clear,34.79,34.79,34.79,1027,88,10000,0,9.33
316,5969025,haines junction,Haines Junction,60.7522,-137.5108,Clouds,15.75,15.75,15.75,1026,67,4197,98,1.14
317,3450206,santa helena de goias,Santa Helena de Goiás,-17.8136,-50.5969,Clouds,77.25,77.25,77.25,1011,74,10000,70,3.44
318,5394842,shafter,Shafter,35.5005,-119.2718,Clear,54.77,48.22,58.06,1024,32,10000,0,4.61
319,2082539,merauke,Merauke,-8.4667,140.3333,Rain,77.18,77.18,77.18,1009,88,7757,100,11.48
320,5110365,broome,Broome,42.2506,-75.833,Clouds,27.28,25.07,30.2,1012,50,10000,100,3.0
321,1045114,inhambane,Inhambane,-23.865,35.3833,Clouds,75.34,75.34,75.34,1012,83,10000,17,6.24
322,2214846,misratah,Misratah,32.3754,15.0925,Clouds,56.05,56.05,56.05,1024,60,10000,27,2.28
323,5354943,half moon bay,Half Moon Bay,37.4636,-122.4286,Clear,55.71,50.92,61.83,1027,55,10000,0,9.22
324,1855540,naze,Naze,28.3667,129.4833,Clear,51.78,51.78,51.78,1027,62,10000,1,12.3
325,6067472,marystown,Marystown,47.1666,-55.1483,Clouds,22.24,22.24,22.24,1015,59,10000,100,25.21
326,3387204,soure,Soure,-0.7167,-48.5233,Clouds,79.05,79.05,79.05,1010,87,10000,14,9.17
327,1277907,bageshwar,Bāgeshwar,29.85,79.7667,Clouds,43.41,43.41,43.41,1020,79,10000,26,3.96
328,3467693,campos,Campos dos Goytacazes,-21.75,-41.3,Clouds,80.65,80.65,80.65,1014,74,10000,20,8.05
329,2091996,madang,Madang,-5.2246,145.7966,Clouds,75.83,75.83,75.83,1007,92,10000,99,9.22
330,3939168,huarmey,Huarmey,-10.0681,-78.1522,Clouds,74.88,74.88,74.88,1011,77,10000,40,9.69
331,1529651,altay,Altay,47.8667,88.1167,Clouds,14.22,14.22,14.22,1035,65,10000,32,6.53
332,6137631,saint-prosper,Saint-Prosper,46.2117,-70.4811,Clouds,9.66,8.31,13.71,1035,80,10000,41,7.38
333,6324729,halifax,Halifax,44.6453,-63.5724,Clouds,24.93,23.41,26.65,1026,48,10000,20,15.01
334,1491230,sovetskiy,Sovetskiy,61.3614,63.5842,Clouds,8.4,8.4,8.4,1016,94,10000,76,5.35
335,3420846,qaqortoq,Qaqortoq,60.7167,-46.0333,Clouds,5.5,5.5,5.5,979,88,10000,100,7.27
336,5780557,riverton,Riverton,40.5219,-111.9391,Snow,26.78,21.38,30.7,1022,57,10000,100,13.0
337,3407194,areia branca,Areia Branca,-4.9561,-37.1369,Clouds,88.0,88.0,88.0,1010,72,10000,27,20.6
338,223816,jibuti,Djibouti,11.5,42.5,Clouds,76.42,76.42,76.42,1013,77,10000,32,18.41
339,1267394,kavali,Kāvali,14.9167,79.9833,Clouds,69.26,69.26,69.26,1014,80,10000,71,4.61
340,361055,ismailia,Ismailia,30.6043,32.2723,Clear,54.75,54.75,54.75,1013,65,10000,2,13.44
341,3386213,touros,Touros,-5.1989,-35.4608,Clear,83.3,83.3,83.3,1012,73,10000,3,14.29
342,151479,njombe,Njombe,-9.3333,34.7667,Clouds,55.87,55.87,55.87,1017,94,10000,100,4.56
343,3573374,the valley,The Valley,18.217,-63.0578,Clouds,79.23,76.1,80.46,1014,65,10000,40,9.22
344,2937959,bone,Bone,51.9669,12.1396,Clouds,40.12,39.61,41.67,1010,80,10000,77,16.46
345,2058430,whyalla,Whyalla,-33.0333,137.5833,Clouds,67.89,67.89,67.89,1015,83,10000,100,16.11
346,2399001,mayumba,Mayumba,-3.432,10.6554,Clouds,79.65,79.65,79.65,1011,83,10000,87,0.65
347,5924351,clyde river,Clyde River,70.4692,-68.5914,Clouds,-21.77,-21.77,-21.77,1010,76,10000,40,12.66
348,5983720,iqaluit,Iqaluit,63.7506,-68.5145,Clouds,-27.31,-27.67,-27.31,1012,67,10000,40,8.05
349,3393692,itarema,Itarema,-2.9248,-39.9167,Clouds,80.83,80.83,80.83,1010,77,10000,77,13.62
350,2108857,gizo,Gizo Government Station,-8.103,156.8419,Rain,80.28,80.28,80.28,1008,79,10000,100,3.38
351,1067565,beloha,Beloha,-25.1667,45.05,Clouds,74.88,74.88,74.88,1009,89,10000,94,10.56
352,2160910,kyabram,Kyabram,-36.3167,145.05,Clear,65.88,65.88,65.88,1017,72,10000,8,13.67
353,3443061,chuy,Chui,-33.6971,-53.4616,Rain,70.2,70.2,70.2,1014,88,10000,100,12.19
354,1061605,manakara,Manakara,-22.1333,48.0167,Rain,76.78,76.78,76.78,1011,95,10000,100,5.95
355,3157781,fauske,Fauske,67.2588,15.3918,Clouds,35.76,35.64,36.95,975,90,405,100,7.43
356,359792,aswan,Aswān,24.0934,32.907,Clear,61.9,61.9,61.9,1018,25,10000,0,8.05
357,4036284,alofi,Alofi,-19.0595,-169.9187,Clouds,78.69,78.69,78.69,1007,94,10000,100,12.66
358,1024312,mocuba,Mocuba,-16.8392,36.9856,Clear,71.42,71.42,71.42,1012,98,10000,6,1.74
359,1816028,caohai,Caohai,26.8661,104.2841,Clouds,32.29,32.29,32.29,1021,96,1839,100,2.71
360,2156643,mount gambier,Mount Gambier,-37.8333,140.7667,Clouds,58.91,58.91,58.91,1021,77,10000,75,10.36
361,5859699,college,College,64.8569,-147.8028,Clouds,27.72,17.92,35.26,1010,88,10000,75,5.75
362,2972270,tourlaville,Tourlaville,49.6383,-1.5664,Clouds,40.44,40.42,44.65,1021,75,10000,40,14.97
363,566456,dergachi,Dergachi,51.2328,48.7659,Clouds,20.89,20.89,20.89,1028,99,10000,99,4.09
364,2742416,barcelos,Barcelos,41.5388,-8.6151,Clouds,55.15,51.28,57.85,1023,73,10000,100,6.17
365,4001056,la orilla,La Orilla,17.9833,-102.2333,Clouds,83.98,83.98,83.98,1011,57,10000,19,9.22
366,3402429,caucaia,Caucaia,-3.7361,-38.6531,Clouds,83.03,83.03,84.15,1009,76,10000,40,11.5
367,5282297,bethel,Bethel,41.3712,-73.414,Clouds,30.56,28.06,32.68,1029,45,10000,100,3.44
368,3691582,talara,Talara,-4.5772,-81.2719,Clear,79.56,79.56,79.56,1010,65,10000,0,8.05
369,1267433,kattivakkam,Kattivākkam,13.2167,80.3167,Clouds,79.07,77.09,79.07,1013,76,10000,85,4.27
370,5779548,payson,Payson,40.0444,-111.7321,Clouds,25.86,20.62,30.0,1020,60,10000,75,0.0
371,3406202,barreirinha,Barreirinha,-2.7933,-57.07,Rain,76.87,76.87,76.87,1008,94,10000,78,2.53
372,4944903,nantucket,Nantucket,41.2835,-70.0995,Clouds,29.68,27.97,30.96,1031,76,10000,100,8.57
373,2146219,hervey bay,Hervey Bay,-25.2986,152.8535,Rain,76.03,75.31,76.03,1006,95,7621,100,11.45
374,3193160,pljevlja,Pljevlja,43.3333,19.3333,Clouds,29.79,29.79,29.79,1024,66,10000,51,3.56
375,583683,aksarayskiy,Aksarayskiy,46.7924,48.0119,Clouds,33.75,33.75,33.75,1024,66,10000,92,7.87
376,1273403,datia,Datia,25.6667,78.4667,Clouds,61.9,61.9,61.9,1015,62,10000,18,4.36
377,1788852,xining,Xining,36.6167,101.7667,Clouds,18.93,18.93,18.93,1028,46,10000,19,3.89
378,2522325,aguimes,Agüimes,27.9054,-15.4461,Clouds,61.14,60.85,61.66,1017,68,10000,20,16.11
379,6145563,shawville,Shawville,45.6001,-76.4827,Clear,14.49,12.61,15.53,1036,81,10000,7,3.87
380,2644605,lerwick,Lerwick,60.1545,-1.1494,Clouds,39.49,39.49,39.49,992,64,10000,93,19.17
381,1259638,pindwara,Pindwāra,24.8,73.0667,Clear,64.53,64.53,64.53,1015,30,10000,3,2.86
382,3470821,barra,Barra,-11.0894,-43.1417,Clouds,81.52,81.52,81.52,1010,52,10000,50,2.53
383,2396853,omboue,Omboué,-1.5746,9.2618,Clouds,79.79,79.79,79.79,1011,83,10000,97,2.42
384,2523192,scicli,Scicli,36.7902,14.7014,Clouds,38.75,38.75,48.6,1023,74,10000,100,5.32
385,2210247,tripoli,Tripoli,32.8752,13.1875,Clouds,55.08,55.08,55.08,1024,64,10000,25,4.32
386,236950,obo,Obo,5.3998,26.4869,Clouds,75.94,75.94,75.94,1010,19,10000,96,5.08
387,5803990,moses lake,Moses Lake,47.1301,-119.2781,Clear,27.19,23.61,29.61,1031,59,10000,0,3.44
388,759320,siemiatycze,Siemiatycze,52.4272,22.8623,Clouds,37.31,37.31,37.31,1013,73,10000,100,16.62
389,5942913,dryden,Dryden,49.7833,-92.7503,Clear,3.49,3.49,3.49,1030,51,10000,0,9.22
390,3361934,saldanha,Saldanha,-33.0117,17.9442,Clear,64.45,64.45,64.45,1015,94,10000,3,17.45
391,2331447,maiduguri,Maiduguri,11.8464,13.1603,Clouds,71.91,71.91,71.91,1013,16,10000,12,9.48
392,1789945,xiaoweizhai,Xiaoweizhai,26.1903,107.5125,Clouds,40.19,40.19,40.19,1026,86,10000,79,2.26
393,3430105,paso de patria,Paso de Patria,-27.2454,-58.5454,Rain,86.05,84.18,86.05,1004,31,10000,63,12.75
394,3401148,cururupu,Cururupu,-1.8283,-44.8683,Clouds,75.78,75.78,75.78,1010,94,10000,70,3.94
395,296852,erzin,Erzin,36.9559,36.2,Rain,52.52,52.52,54.12,1009,91,7256,100,3.02
396,2701713,karlskrona,Karlskrona,56.1616,15.5866,Rain,41.45,41.45,41.45,994,90,10000,100,21.83
397,1497210,novoagansk,Novoagansk,61.9449,76.6625,Clouds,22.15,22.15,22.15,1003,98,519,94,6.76
398,2190299,hanmer springs,Hanmer Springs,-42.5167,172.8167,Clouds,62.44,62.44,62.44,1022,65,10000,35,4.16
399,1276449,berasia,Berasia,23.6333,77.4333,Clouds,63.59,63.59,63.59,1015,50,10000,93,8.55
400,4560349,filadelfia,Philadelphia,39.9523,-75.1638,Clouds,34.45,32.36,36.55,1029,58,10000,100,9.22
401,2439376,tahoua,Tahoua,14.8888,5.2692,Clear,73.29,73.29,73.29,1014,13,10000,2,12.21
402,3887344,illapel,Illapel,-31.6308,-71.1653,Clear,75.31,75.31,75.31,1014,44,10000,0,7.7
403,2181133,pareora,Pareora,-44.4871,171.2132,Clear,59.02,59.02,59.02,1023,70,10000,0,10.04
404,1504382,kargasok,Kargasok,59.0556,80.8572,Snow,25.21,25.21,25.21,1005,95,267,100,11.68
405,108410,riyadh,Riyadh,24.6877,46.7219,Clear,68.14,68.14,68.14,1015,17,10000,2,12.28
406,3495137,pedernales,Pedernales,18.0384,-71.744,Clear,79.59,79.59,79.59,1014,63,10000,8,5.41
407,1787858,shangrao,Shangrao,28.4532,117.9686,Clouds,36.54,36.54,36.54,1029,86,10000,23,3.56
408,1859492,kikuchi,Kikuchi,32.9833,130.8167,Clouds,29.48,25.66,29.93,1026,86,10000,20,2.3
409,4671141,aransas pass,Aransas Pass,27.9095,-97.15,Clouds,45.88,44.58,50.23,1019,84,10000,100,14.97
410,2013279,vostok,Vostok,46.4856,135.8833,Clouds,4.75,4.75,4.75,1014,98,532,100,4.97
411,2068655,katherine,Katherine,-14.4667,132.2667,Clouds,79.12,79.12,79.12,1007,78,10000,93,4.61
412,601551,akdepe,Akdepe,42.0551,59.3788,Clear,42.89,42.89,48.2,1026,55,10000,1,8.9
413,3531730,campeche,Campeche,19.0,-90.5,Clouds,88.57,88.57,88.57,1012,43,10000,89,8.14
414,3991347,puerto penasco,Puerto Peñasco,31.3167,-113.5333,Clear,58.91,58.91,58.91,1020,51,10000,0,10.0
415,3354077,opuwo,Opuwo,-18.0607,13.84,Clouds,75.94,75.94,75.94,1013,55,10000,84,4.5
416,292968,abu dhabi,Abu Dhabi,24.4667,54.3667,Clear,66.6,66.22,66.96,1017,86,6000,5,1.14
417,49747,xuddur,Oddur,4.1213,43.8894,Clouds,74.93,74.93,74.93,1012,69,10000,90,17.25
418,2059470,victor harbor,Victor Harbor,-35.5667,138.6167,Clouds,62.87,61.47,64.8,1018,84,10000,55,1.99
419,3372760,praia da vitoria,Praia da Vitória,38.7333,-27.0667,Clouds,57.45,56.75,57.45,1033,88,10000,40,10.56
420,2126123,chokurdakh,Chokurdakh,70.6333,147.9167,Clouds,-9.89,-9.89,-9.89,1008,88,10000,100,10.89
421,2212775,sabha,Sabha,27.0377,14.4283,Clear,52.05,52.05,52.05,1024,38,10000,0,5.97
422,2357163,nouna,Nouna,12.7333,-3.8667,Clear,83.79,83.79,83.79,1011,8,10000,4,5.93
423,3381041,mana,Mana,5.6592,-53.7767,Clouds,76.89,76.89,76.89,1011,84,10000,74,9.24
424,2640377,penzance,Penzance,50.1186,-5.5371,Clouds,43.48,42.01,44.76,1024,57,10000,87,27.89
425,2294915,takoradi,Takoradze,4.8845,-1.7554,Clouds,80.28,80.28,80.28,1011,87,10000,26,5.93
426,2438774,tibiri,Tibiri,13.5627,7.0485,Clear,71.2,71.2,71.2,1015,11,10000,0,12.91
427,1152194,mae sai,Mae Sai,20.4335,99.8762,Clear,61.3,59.9,61.92,1018,97,10000,1,1.7
428,1502422,kosh-agach,Kosh-Agach,50.0,88.6667,Clouds,-5.98,-5.98,-5.98,1045,98,8988,96,1.57
429,2176639,batemans bay,Batemans Bay,-35.7167,150.1833,Clouds,70.92,69.91,72.19,1017,96,6628,100,2.57
430,2015686,talakan,Talakan,50.3167,130.3667,Snow,1.85,1.85,1.85,1012,100,2551,100,2.53
431,5975004,high level,High Level,58.5169,-117.136,Clouds,24.91,24.91,24.91,1019,68,10000,20,6.91
432,3685702,cravo norte,Cravo Norte,6.3017,-70.2041,Clouds,90.19,90.19,90.19,1006,40,10000,99,7.56
433,1253628,ginda,Ginda,30.6945,78.4932,Clouds,38.97,38.97,38.97,1021,76,10000,99,6.53
434,3520994,puerto escondido,Puerto Escondido,15.85,-97.0667,Clouds,85.03,85.03,85.03,1012,70,10000,40,6.91
435,471607,voskresenskoye,Voskresenskoye,56.8381,45.4317,Clouds,18.36,18.36,18.36,1026,94,10000,72,3.83
436,3424901,aasiaat,Aasiaat,68.7098,-52.8699,Clouds,-12.98,-12.98,-12.98,1001,96,9176,98,4.05
437,4996248,holland,Holland,42.7875,-86.1089,Clouds,26.56,22.84,29.01,1025,63,10000,75,19.57
438,686090,asau,Asău,46.4333,26.4,Clouds,32.22,29.28,33.76,1022,85,10000,29,4.16
439,3652758,puerto baquerizo moreno,Puerto Baquerizo Moreno,-0.9,-89.6,Clouds,81.59,81.59,81.59,1008,74,10000,20,12.66
440,1490796,strezhevoy,Strezhevoy,60.7333,77.5889,Clouds,31.98,31.98,31.98,1004,97,393,99,10.16
441,1516048,hovd,Khovd,48.0056,91.6419,Clear,0.09,0.09,0.09,1040,70,10000,6,4.47
442,1797595,qinhuangdao,Qinhuangdao,39.9317,119.5883,Clear,31.96,31.96,31.96,1023,46,10000,0,6.44
443,6929460,panzhihua,Panzhihua,26.5851,101.7128,Clear,44.6,44.6,44.6,1018,89,10000,2,1.52
444,110690,abha,Abhā,18.2164,42.5053,Clear,57.45,57.45,60.62,1025,41,10000,0,4.61
445,5431716,montrose,Montrose,38.4166,-108.2673,Clouds,16.03,13.57,23.36,1022,65,10000,100,4.21
446,3838874,rio cuarto,Río Cuarto,-33.1307,-64.3499,Clear,71.98,64.83,74.68,1012,40,10000,0,6.91
447,6113406,prince rupert,Prince Rupert,54.3161,-130.3201,Clouds,37.49,35.29,37.49,1029,81,10000,75,4.61
448,946058,umtata,Mthatha,-31.5889,28.7844,Clouds,68.56,68.56,68.56,1018,94,10000,78,6.91
449,1267979,kant,Kānt,27.8,79.8,Clear,58.42,58.42,58.42,1015,76,10000,1,4.54
450,721068,fabiansebestyen,Fábiánsebestyén,46.6833,20.4667,Clouds,36.09,35.04,38.17,1020,65,10000,86,7.78
451,5654391,glendive,Glendive,47.1053,-104.7125,Clear,7.93,1.65,10.53,1024,66,10000,0,9.22
452,1810637,ganzhou,Ganzhou,28.8184,115.4327,Clear,39.67,39.67,39.67,1028,83,10000,3,1.61
453,286621,salalah,Salalah,17.0151,54.0924,Clear,73.49,73.49,73.49,1016,64,10000,0,3.44
454,2460954,araouane,Araouane,18.9048,-3.5265,Clouds,80.91,80.91,80.91,1013,8,10000,13,8.84
455,2288105,grand-lahou,Grand-Lahou,5.1367,-5.0242,Clear,79.81,79.81,79.81,1011,87,10000,4,9.4
456,1026014,tete,Tete,-16.1564,33.5867,Clouds,77.09,77.09,77.09,1012,94,10000,20,0.0
457,1502389,koshurnikovo,Koshurnikovo,54.1667,93.3,Clouds,12.27,12.27,12.27,1028,98,6984,99,3.27
458,2016701,shimanovsk,Shimanovsk,52.0,127.7,Clouds,7.95,7.95,7.95,1009,98,7216,100,2.8
459,2291383,bocanda,Bocanda,7.0626,-4.4995,Rain,83.1,83.1,83.1,1011,65,10000,91,6.64
460,3929611,san jeronimo,San Jerónimo,-11.9472,-75.2829,Clouds,60.53,60.53,60.53,1009,61,10000,100,4.27
461,4033077,vaitape,Vaitape,-16.5167,-151.75,Rain,81.16,81.16,81.16,1014,74,10000,30,14.34
462,113632,taft,Taft,31.7471,54.2088,Clear,48.15,48.15,48.15,1023,30,10000,0,4.61
463,1855342,nishihara,Nishihara,26.1842,127.7558,Clouds,55.9,54.68,56.48,1026,65,10000,100,10.36
464,1512019,aksarka,Aksarka,66.5606,67.7975,Clouds,0.12,0.12,0.12,1007,100,3822,100,2.77
465,1633034,palu,Palu,-0.8917,119.8707,Clouds,73.27,73.27,73.27,1012,95,10000,100,2.46
466,3459495,julio de castilhos,Júlio de Castilhos,-29.2269,-53.6817,Clouds,82.78,82.78,82.78,1007,27,10000,87,14.25
467,3382160,cayenne,Cayenne,4.9333,-52.3333,Clouds,77.09,77.04,77.09,1010,85,10000,100,6.91
468,3489005,port antonio,Port Antonio,18.18,-76.4612,Clouds,81.59,80.94,89.51,1016,73,10000,46,11.45
469,5962442,goderich,Goderich,43.7501,-81.7165,Clouds,23.27,21.9,24.21,1031,54,10000,29,12.66
470,780687,berlevag,Berlevåg,70.8578,29.0864,Clouds,26.4,24.6,28.4,972,80,10000,75,21.85
471,3389822,salinopolis,Salinópolis,-0.6136,-47.3561,Rain,80.01,80.01,80.01,1010,84,10000,72,10.67
472,2417886,mali,Mali,12.079,-12.2982,Clear,70.11,70.11,70.11,1012,17,10000,4,2.19
473,3155152,gravdal,Gravdal,68.1214,13.5031,Clouds,33.69,33.69,35.28,972,86,10000,75,42.57
474,4013679,coahuayana,Coahuayana Viejo,18.7333,-103.6833,Clear,89.08,89.08,89.08,1011,52,10000,1,8.99
475,3416888,grindavik,Grindavik,63.8424,-22.4338,Clear,25.27,22.95,25.27,1004,68,10000,0,8.05
476,2036069,linjiang,Linjiang,41.8069,126.9078,Clouds,0.34,0.34,0.34,1031,98,10000,16,1.66
477,3833883,trelew,Trelew,-43.249,-65.3051,Rain,59.02,59.02,59.02,1000,90,7852,100,24.32
478,2863712,nidderau,Nidderau,50.25,8.9,Clouds,38.14,35.08,40.68,1015,86,10000,97,7.0
479,3899695,ancud,Ancud,-41.8697,-73.8203,Rain,60.22,60.22,65.73,1013,92,10000,37,9.98
480,1263594,manvi,Mānvi,15.9833,77.05,Clouds,69.15,69.15,69.15,1013,53,10000,32,5.39
481,1493004,sargatskoye,Sargatskoye,55.6101,73.4972,Clouds,30.7,30.7,30.7,1019,92,10000,100,12.53
482,485660,svetlyy,Tsimmerbude,54.675,20.1347,Clouds,41.05,40.96,41.05,1004,72,10000,100,19.33
483,53654,mogadishu,Mogadishu,2.0371,45.3438,Clouds,77.99,77.99,77.99,1011,90,10000,95,18.23
484,1786546,anlu,Anlu,31.1661,112.5831,Clear,39.04,39.04,39.04,1027,80,10000,7,5.84
485,55671,kismayo,Kismayo,-0.3582,42.5454,Clouds,78.13,78.13,78.13,1011,86,10000,36,13.98
486,544084,koslan,Koslan,63.4564,48.8989,Clouds,19.27,19.27,19.27,1008,86,10000,100,12.95
487,3661944,tefe,Tefé,-3.3542,-64.7114,Clouds,84.31,84.31,84.31,1006,74,10000,20,11.5
488,2015217,tokur,Tokur,53.1333,132.9,Clouds,-8.57,-8.57,-8.57,1013,100,1351,100,2.64
489,1885823,jiangyou,Jiangyou,31.7667,104.7167,Clouds,42.64,42.64,42.64,1026,79,10000,100,0.83
490,5847411,kahului,Kahului,20.8947,-156.47,Clouds,82.63,80.83,84.22,1019,59,10000,20,17.27
491,3841490,pergamino,Pergamino,-33.89,-60.5736,Clear,82.45,82.45,82.45,1009,30,10000,5,9.8
492,474470,verkhnyaya toyma,Verkhnyaya Toyma,62.2349,44.9985,Clouds,23.49,23.49,23.49,1010,85,10000,100,12.3
493,1015969,brandfort,Brandfort,-28.7001,26.4597,Clouds,72.81,72.81,72.81,1012,32,10000,22,4.25
494,3491161,bull savanna,Bull Savanna,17.8868,-77.5902,Clouds,79.41,79.41,79.41,1014,62,10000,34,4.7
495,1568770,quang ngai,Quang Ngai,15.1167,108.8,Clouds,66.04,66.04,66.04,1019,84,10000,100,8.1
496,3389609,santa ines,Santa Inês,-3.6667,-45.38,Clouds,76.39,76.39,76.39,1010,91,10000,91,3.02
497,1719274,candelaria,Candelaria,13.9311,121.4233,Clouds,72.68,72.68,72.68,1015,91,10000,34,7.25
498,1501000,kyshtovka,Kyshtovka,56.555,76.6271,Clouds,31.35,31.35,31.35,1014,86,10000,95,16.06
499,2015852,svetlaya,Svetlaya,46.5389,138.3297,Clear,14.45,14.45,14.45,1007,78,10000,8,7.29
500,1526041,atasu,Atasū,48.6814,71.6433,Clouds,5.13,5.13,5.13,1034,95,10000,47,3.22
501,5742974,north bend,North Bend,43.4065,-124.2243,Clouds,48.4,43.86,51.24,1030,71,10000,75,8.05
502,5866063,kenai,Kenai,60.5544,-151.2583,Clouds,38.05,36.14,41.02,1011,75,10000,100,17.27
503,6111696,port-cartier,Port-Cartier,50.0334,-66.8654,Clouds,10.62,8.71,10.62,1028,73,10000,28,9.64
504,5565500,humboldt,Humboldt,40.6665,-123.9178,Clouds,43.79,39.74,48.38,1025,49,10000,86,6.13
505,8010683,porto santo,Porto Santo,33.072,-16.3415,Clouds,61.18,61.18,62.51,1020,72,10000,20,16.11
506,2253354,dakar,Dakar,14.6937,-17.4441,Clouds,68.25,68.25,68.25,1013,83,10000,35,20.18
507,1568574,qui nhon,Qui Nhon,13.7667,109.2333,Clouds,68.85,68.85,68.85,1017,85,10000,100,16.96
508,653257,kemi,Keminmaa,65.8596,24.8228,Clear,29.97,29.97,29.97,983,93,10000,0,21.85
509,3931470,puerto maldonado,Puerto Maldonado,-12.6,-69.1833,Clouds,82.8,82.8,82.8,1006,74,10000,75,3.44
510,586320,istisu,İstisu,40.9457,48.0738,Clear,29.07,29.07,29.07,1022,60,10000,0,4.76
511,1486321,yar-sale,Yar-Sale,66.8333,70.8333,Clouds,8.29,8.29,8.29,1005,94,10000,100,8.79
512,3996893,caborca,Caborca,30.5838,-111.101,Clear,60.96,60.96,60.96,1016,15,10000,1,5.3
513,4034551,faanui,Faanui,-16.4833,-151.75,Rain,81.18,81.18,81.18,1014,74,10000,31,14.23
514,3628473,san cristobal,San Cristobal,7.7669,-72.225,Clouds,69.98,69.98,69.98,1012,87,10000,99,2.55
515,476343,vavozh,Vavozh,56.7751,51.931,Clouds,16.83,16.83,16.83,1025,99,8246,92,3.8
516,3440034,tacuarembo,Tacuarembó,-31.7333,-55.9833,Rain,69.42,69.42,69.42,1010,89,10000,100,11.74
517,509820,petrozavodsk,Petrozavodsk,61.7849,34.3469,Rain,32.49,32.49,33.26,1002,93,10000,100,20.13
518,3135601,olden,Olden,61.8364,6.8064,Snow,34.56,34.0,35.28,988,92,9633,97,10.54
519,4946620,palmer,Palmer,42.1584,-72.3287,Clouds,29.05,27.75,31.93,1031,30,10000,75,3.44
520,1220164,vorukh,Vorukh,39.8494,70.5838,Clouds,32.65,32.65,32.65,1028,68,10000,100,4.68
521,792866,baric,Barič,44.6522,20.2594,Clear,40.28,37.6,41.09,1020,56,10000,0,8.99
522,1178338,gilgit,Gilgit,35.9221,74.3087,Clouds,39.31,39.31,39.31,1022,89,2185,100,0.4
523,2090021,namatanai,Namatanai,-3.6667,152.4333,Clouds,79.41,79.41,79.41,1008,83,10000,100,4.43
524,3374333,praya,Praia,14.9215,-23.5087,Clouds,69.57,69.57,69.57,1016,76,10000,20,16.64
525,2172880,byron bay,Byron Bay,-28.65,153.6167,Rain,75.2,73.71,76.95,1011,89,5206,100,12.88
526,5329649,blythe,Blythe,33.6103,-114.5964,Clear,58.03,58.03,58.03,1022,12,10000,0,3.62
527,987648,koster,Koster,-25.863,26.8976,Clouds,66.69,66.69,66.69,1014,42,10000,85,6.38
528,3397967,itaituba,Itaituba,-4.2761,-55.9836,Rain,89.76,89.76,89.76,1007,66,10000,40,11.5
529,3897347,calama,Calama,-22.4667,-68.9333,Clear,75.69,75.69,75.69,1022,23,10000,0,24.16
530,4004293,ixtapa,Ixtapa,20.7,-105.2,Clear,76.23,76.23,76.23,1014,69,10000,0,12.66
531,2088163,popondetta,Popondetta,-8.7537,148.2534,Clouds,77.2,77.2,77.2,1007,91,8556,100,1.86
532,1264514,magadi,Māgadi,12.9667,77.2333,Clouds,64.74,64.74,64.74,1015,69,10000,58,6.22
533,2077895,alice springs,Alice Springs,-23.7,133.8833,Clear,62.15,62.15,62.15,1013,72,10000,5,0.0
534,3175096,lasa,Laas,46.6166,10.7002,Clouds,35.13,30.11,38.66,1024,83,10000,62,3.47
535,2440371,ouallam,Ouallam,14.3188,2.0866,Clear,79.41,79.41,79.41,1013,12,10000,5,11.01
536,2636638,stromness,Stromness,58.965,-3.296,Snow,34.05,34.05,34.05,996,60,10000,98,26.42
537,86049,jalu,Jalu,29.0331,21.5482,Clouds,56.01,56.01,56.01,1022,63,10000,23,12.64
538,1490036,tashtyp,Tashtyp,52.7939,89.8983,Clouds,14.92,14.92,14.92,1028,92,10000,87,3.24
539,364933,umm kaddadah,Umm Kaddadah,13.6017,26.6876,Clear,68.02,68.02,68.02,1015,18,10000,9,19.62
540,3421319,nuuk,Nuuk,64.1835,-51.7216,Clouds,0.21,0.21,0.21,995,71,10000,20,17.27
541,3939761,hualmay,Hualmay,-11.0964,-77.6139,Clouds,74.26,74.26,74.26,1011,76,10000,62,9.01
542,588204,torva,Tõrva,58.0028,25.935,Clouds,34.93,33.1,35.71,1006,76,10000,100,13.44
543,1633419,padang,Padang,-0.9492,100.3543,Clouds,75.88,75.88,75.88,1011,85,10000,100,2.93
544,3388145,sao raimundo nonato,São Raimundo Nonato,-9.0153,-42.6994,Clouds,82.04,82.04,82.04,1009,49,10000,89,3.49
545,3870282,talcahuano,Talcahuano,-36.7167,-73.1167,Clouds,67.68,67.68,67.68,1017,73,10000,40,10.36
546,2120591,tilichiki,Tilichiki,60.4667,166.1,Snow,9.12,9.12,9.12,973,95,171,100,11.43
547,2017705,poyarkovo,Poyarkovo,49.6,128.6833,Clouds,7.7,7.7,7.7,1011,96,10000,77,5.5
548,1214026,sabang,Sabang,5.8933,95.3214,Clouds,81.73,81.73,81.73,1009,76,10000,92,23.98
549,2178753,kirakira,Kirakira,-10.4544,161.9205,Clouds,83.35,83.35,83.35,1008,78,10000,100,6.11
550,2446796,bilma,Bilma,18.6853,12.9164,Clear,61.3,61.3,61.3,1018,15,10000,0,4.59
551,2123278,milkovo,Mil'kovo,54.7167,158.6167,Clouds,3.72,3.72,3.72,980,87,10000,29,3.8
552,695464,romny,Romny,50.751,33.4747,Clear,31.6,31.6,31.6,1025,87,10000,8,6.08
553,1731248,alugan,Alugan,12.2188,125.4808,Clouds,78.84,78.84,78.84,1014,77,10000,100,14.9
554,3347019,namibe,Mossamedes,-15.1961,12.1522,Rain,75.6,75.6,75.6,1013,85,10000,94,2.55
555,2377457,nouadhibou,Nouadhibou,20.931,-17.0347,Clear,66.18,66.18,66.18,1015,82,7000,6,17.27
556,2301217,ejura,Ejura,7.3856,-1.3562,Clouds,85.32,85.32,85.32,1010,49,10000,50,7.31
557,2173911,broken hill,Broken Hill,-31.95,141.4333,Clear,74.91,74.91,74.91,1013,64,10000,2,10.36
558,2214827,mizdah,Mizdah,31.4451,12.9801,Clear,50.22,50.22,50.22,1024,55,10000,2,4.9
559,2194098,ahipara,Ahipara,-35.1667,173.1667,Clear,73.13,73.13,73.13,1019,60,10000,4,4.21
560,3159016,drammen,Drammen,59.7439,10.2045,Clouds,28.99,26.89,34.79,992,84,10000,55,3.13
561,3695844,lagunas,Lagunas,-5.2269,-75.6753,Clouds,87.53,87.53,87.53,1005,57,10000,55,1.81
562,1863495,gushikawa,Gushikawa,26.3544,127.8686,Clouds,54.95,54.63,56.43,1025,68,10000,100,10.36
563,2025256,chumikan,Chumikan,54.7183,135.315,Clouds,4.59,4.59,4.59,1004,88,10000,22,18.19
564,390054,baft,Baft,29.234,56.6057,Clear,44.73,44.73,44.73,1020,41,10000,1,1.7
565,57000,hobyo,Hobyo,5.3505,48.5268,Clouds,78.1,78.1,78.1,1012,80,10000,15,14.54
566,4549638,rogers,Rogers,36.3668,-95.5836,Mist,23.97,21.85,25.43,1024,88,6437,100,4.61
567,3994469,ojinaga,Ojinaga,29.5667,-104.4167,Clear,76.15,72.41,76.15,1014,17,10000,0,19.57
568,1489822,teguldet,Tegul'det,57.3064,88.1667,Clouds,26.11,26.11,26.11,1014,84,10000,100,12.53
569,3648546,barinas,Barinas,8.6226,-70.2075,Clouds,91.44,91.44,98.29,1012,35,10000,76,3.44
570,2136825,isangel,Isangel,-19.55,169.2667,Clouds,82.51,82.51,82.51,1006,89,10000,40,0.0
571,3190813,sisak,Sisak,45.4661,16.3783,Clouds,39.18,39.18,45.18,1018,59,10000,100,3.4
572,5134295,roma,Rome,43.2128,-75.4557,Clear,27.09,25.38,30.43,1031,33,10000,0,3.0
573,1254709,tezu,Tezu,27.9167,96.1667,Clouds,56.79,56.79,56.79,1019,63,10000,14,3.51
574,5530022,san angelo,San Angelo,31.4638,-100.437,Clouds,34.02,34.02,34.02,1021,69,10000,100,8.05
575,5870133,nome,Nome,64.5011,-165.4064,Rain,35.67,35.67,38.1,996,80,10000,100,17.27
576,6050066,la ronge,La Ronge,55.1001,-105.2842,Clear,3.45,1.62,3.45,1026,39,10000,0,2.3
577,2447513,arlit,Arlit,18.7369,7.3853,Clear,66.11,66.11,66.11,1016,10,10000,0,7.05
578,103630,najran,Najrān,17.4924,44.1277,Clear,66.85,66.85,66.85,1016,21,10000,3,2.37
579,3395458,maragogi,Maragogi,-9.0122,-35.2225,Clear,80.37,80.37,80.37,1013,71,10000,4,9.71
580,5955826,fort frances,Fort Frances,48.5999,-93.4003,Clear,6.51,6.06,7.02,1034,49,10000,0,3.44
